"Block","Trial","Hopper_Check","Condition","MSPT"
1,1,0,"Baseline",0.96
1,2,8,"HC 8",1.75
1,3,16,"HC 16",2.66
1,4,4,"HC 4",2.13
1,5,1,"HC 1",5.7
1,6,2,"HC 2",3.4
2,7,1,"HC 1",5.02
2,8,16,"HC 16",2.17
2,9,0,"Baseline",0.89
2,10,2,"HC 2",2.38
2,11,8,"HC 8",2.07
2,12,4,"HC 4",2.98
3,13,4,"HC 4",2.6
3,14,0,"Baseline",0.84
3,15,8,"HC 8",2.2
3,16,1,"HC 1",4.81
3,17,2,"HC 2",3.81
3,18,16,"HC 16",1.74
4,19,1,"HC 1",2.62
4,20,2,"HC 2",2.75
4,21,0,"Baseline",0.55
4,22,4,"HC 4",2.78
4,23,8,"HC 8",2.09
4,24,16,"HC 16",2.13
5,25,8,"HC 8",1.77
5,26,16,"HC 16",1.99
5,27,0,"Baseline",0.63
5,28,1,"HC 1",3.05
5,29,2,"HC 2",2.9
5,30,4,"HC 4",2.63
6,31,2,"HC 2",1.92
6,32,1,"HC 1",4.22
6,33,0,"Baseline",0.78
6,34,8,"HC 8",2.47
6,35,16,"HC 16",1.52
6,36,4,"HC 4",1.71
7,37,2,"HC 2",3.02
7,38,1,"HC 1",2.71
7,39,4,"HC 4",0.73
7,40,8,"HC 8",2.51
7,41,16,"HC 16",2.33
7,42,0,"Baseline",1.09
8,43,4,"HC 4",2.5
8,44,8,"HC 8",2.59
8,45,16,"HC 16",2.67
8,46,1,"HC 1",4.06
8,47,2,"HC 2",3.4
8,48,0,"Baseline",1.01
