"Block","Trial","Hopper_Check","Condition","MSPT","P95_MSPT","Max_MSPT","CPU_1min","CPU_15min"
1,1,0,"Baseline",0.96,7.66,64.1,4.17,9.52
1,2,8,"HC 8",1.75,4.82,188,5.16,6.74
1,3,16,"HC 16",2.66,6.77,2140,6.15,12.63
1,4,4,"HC 4",2.13,5.85,1410,5.44,11.84
1,5,1,"HC 1",5.7,9.18,1460,8.63,7.94
1,6,2,"HC 2",3.4,9.1,172,6.58,11.81
2,7,1,"HC 1",5.02,8.79,1560,7.84,12.8
2,8,16,"HC 16",2.17,5.53,230,6.15,8.05
2,9,0,"Baseline",0.89,2.65,271,4.17,9.6
2,10,2,"HC 2",2.38,13.1,363,8.48,9.28
2,11,8,"HC 8",2.07,6.33,181,5.18,8.7
2,12,4,"HC 4",2.98,7.25,156,6.24,12.17
3,13,4,"HC 4",2.6,5.84,1450,5.33,7.47
3,14,0,"Baseline",0.84,1.94,214,5.38,7.63
3,15,8,"HC 8",2.2,5.12,1490,6.38,6.47
3,16,1,"HC 1",4.81,9.91,1500,7.68,12.86
3,17,2,"HC 2",3.81,7.09,1690,8.16,10.99
3,18,16,"HC 16",1.74,5.06,1280,6.14,5.62
4,19,1,"HC 1",2.62,7.99,1430,7.84,8.62
4,20,2,"HC 2",2.75,5.07,1730,6.89,8.92
4,21,0,"Baseline",0.55,1.49,192,3.92,5.82
4,22,4,"HC 4",2.78,4.37,172,5.23,8.8
4,23,8,"HC 8",2.09,6.73,1240,5.37,11.01
4,24,16,"HC 16",2.13,4.53,1240,6.04,10.19
5,25,8,"HC 8",1.77,4.84,1180,6.58,8.51
5,26,16,"HC 16",1.99,4.46,1450,5.06,7.86
5,27,0,"Baseline",0.63,1.88,219,4.17,7
5,28,1,"HC 1",3.05,9.67,1070,9.18,10.17
5,29,2,"HC 2",2.9,4.99,122,5.58,6.13
5,30,4,"HC 4",2.63,5.47,197,5.79,7.85
6,31,2,"HC 2",1.92,6.26,1440,5.43,7.41
6,32,1,"HC 1",4.22,10.1,116,8.08,8.28
6,33,0,"Baseline",0.78,2.16,100,5.24,4.71
6,34,8,"HC 8",2.47,4.88,186,7.03,6.12
6,35,16,"HC 16",1.52,5.99,1340,5.62,11.2
6,36,4,"HC 4",1.71,6.54,96.1,7.98,9.07
7,37,2,"HC 2",3.02,6.91,1290,8.51,10.07
7,38,1,"HC 1",2.71,8.81,1260,8.84,9.59
7,39,4,"HC 4",0.73,4.33,186,6.48,6.59
7,40,8,"HC 8",2.51,4.91,1200,6.58,10.97
7,41,16,"HC 16",2.33,4.54,118,5.78,6.93
7,42,0,"Baseline",1.09,2.34,181,6.42,9.08
8,43,4,"HC 4",2.5,4.39,1440,5.61,7.47
8,44,8,"HC 8",2.59,5.04,1580,6.26,12.09
8,45,16,"HC 16",2.67,7.1,139,6.08,7.36
8,46,1,"HC 1",4.06,11.2,95.9,8.72,10.72
8,47,2,"HC 2",3.4,6.65,191,8.13,11.05
8,48,0,"Baseline",1.01,2.29,113,4.13,4.87
